Join_Count,TARGET_FID,GISJOIN,STATEFP,COUNTYFP,COUNTYNS,GEOID,NAME,NAMELSAD,LSAD,CLASSFP,MTFCC,CSAFP,CBSAFP,METDIVFP,FUNCSTAT,ALAND,AWATER,INTPTLAT,INTPTLON,Shape_Leng,facName,LocAddress,CityName,State,locZip,countyName,opStatus,OperatType,AnimalUnit,Horses,TownshipNa,Latitude,Longitude,Accuracy,colMthTxt,refPntTxt,Congress,StHouse,StSenate,HUC,Hyperlink,uniqueID,Swine,CattleDair,CattleBeef,Chickens,Turkeys,SheepLGoat,Other,NPDESPermi,MMP,Shape_Le_1,Shape_Area,AAR,AARsd,AARprob,mapPop,Deaths,Crude_Rate,Deaths_1,Crude_Ra_1
11,1,G1900010,19,001,00465190,19001,Adair,Adair County,06,H1,G4020, , , ,A,1474404201.000000000000000,2597996.000000000000000,+41.3285283,-094.4781643,153840.414794000011170,Todd Van Eaton,3405 330th Street,Fontanelle,IA,50846,Adair,Active,Confinement,1320.000000000000000,0,Washington,41.172960000000003,-94.568539999999999,20,INTERPOLATION-PHOTO, ,5,58,29,102400090202.000000000000000,https://programs.iowadnr.gov/afoemmp/Facility/FacilitySummaryByID?facilityID=57965,1597,1320,0,0,0,0,0,0,N,Y,1.611208261960000,0.158865351079000,44.609999999999999,2.450000000000000,0.260000000000000,5.200500000000000,53.000000000000000,121.299999999999997,12,27.399999999999999
13,2,G1900030,19,003,00465191,19003,Adams,Adams County,06,H1,G4020, , , ,A,1096686247.000000000000000,5367875.000000000000000,+41.0216555,-094.6969059,134136.302494000003207,Kinsella Feeders,3083 180th St,Creston,IA,50801,Adams,Active,Confinement/Open Feedlot,2436.000000000000000,0,Union,41.045209999999997,-94.532460000000000,20,INTERPOLATION-PHOTO, ,5,96,48,102400100104.000000000000000,https://programs.iowadnr.gov/afoemmp/Facility/FacilitySummaryByID?facilityID=58376,1212,1536,0,900,0,0,0,0,N,N,1.431272960980000,0.117999489500000,45.259999999999998,2.680000000000000,0.340000000000000,3.657900000000000,30.000000000000000,138.699999999999989,9,41.600000000000001
13,3,G1900050,19,005,00465192,19005,Allamakee,Allamakee County,06,H1,G4020, , , ,A,1655115638.000000000000000,51094064.000000000000000,+43.2749637,-091.3827510,172765.783006999990903,E.b. Ag Lp,2591 English Bench Rd,Dorchester,IA,52140,Allamakee,Active,Confinement,1967.599975589999985,0,Union City,43.442709999999998,-91.446849999999998,20,INTERPOLATION-PHOTO, ,4,16,8,70600020605.000000000000000,https://programs.iowadnr.gov/afoemmp/Facility/FacilitySummaryByID?facilityID=64475,1357,1967,0,0,0,0,0,0,N,N,1.846349714650000,0.189218054908000,42.609999999999999,2.870000000000000,0.100000000000000,8.398500000000000,90.000000000000000,108.299999999999997,21,25.300000000000001
1,4,G1900070,19,007,00465193,19007,Appanoose,Appanoose County,06,H1,G4020, , , ,A,1287973257.000000000000000,49093607.000000000000000,+40.7442491,-092.8730649,146695.692119000013918,Mitchell Farm,16202 600th St,Cincinnati,IA,52549,Appanoose,Inactive,Open Feedlot,1020.000000000000000,0,Pleasant,40.609969999999997,-92.978589999999997,20,INTERPOLATION-PHOTO, ,2,94,47,102802010403.000000000000000,https://programs.iowadnr.gov/afoemmp/Facility/FacilitySummaryByID?facilityID=56640,7279,0,0,1020,0,0,0,0,N, ,1.541373685080000,0.142555371960000,45.200000000000003,2.700000000000000,0.340000000000000,9.632700000000000,103.000000000000000,139.599999999999994,19,25.699999999999999
43,5,G1900090,19,009,00465194,19009,Audubon,Audubon County,06,H1,G4020, , , ,A,1147264573.000000000000000,1152260.000000000000000,+41.6791780,-094.9043119,145016.217635000008158,Dave Robinson Sec 20,1391 Highway 71,Audubon,IA,50025,Audubon,Active,Confinement,1600.000000000000000,0,Cameron,41.806759999999997,-94.940410000000000,20,INTERPOLATION-PHOTO, ,5,58,29,102400020101.000000000000000,https://programs.iowadnr.gov/afoemmp/Facility/FacilitySummaryByID?facilityID=62115,1646,1600,0,0,0,0,0,0,N,N,1.500748721210000,0.124189671645000,45.200000000000003,2.630000000000000,0.340000000000000,5.329200000000000,52.000000000000000,156.400000000000006,29,87.200000000000003
14,6,G1900110,19,011,00465195,19011,Benton,Benton County,06,H1,G4020,168,16300, ,A,1854696288.000000000000000,5857896.000000000000000,+42.0925474,-092.0576300,174361.429185999993933,Derek Vopelak Farm,5641 14th Ave,Garrison,IA,52229,Benton,Active,Confinement,1536.000000000000000,0,Monroe,42.204709999999999,-92.222700000000003,20,INTERPOLATION-PHOTO, ,3,39,20,70802051101.000000000000000,https://programs.iowadnr.gov/afoemmp/Facility/FacilitySummaryByID?facilityID=59316,1752,1536,0,0,0,0,0,0,N,Y,1.806870079870000,0.202431148532000,43.270000000000003,2.190000000000000,0.090000000000000,14.008300000000000,136.000000000000000,88.400000000000006,43,27.899999999999999
19,7,G1900130,19,013,00465196,19013,Black Hawk,Black Hawk County,06,H1,G4020, ,47940, ,A,1465303205.000000000000000,17928724.000000000000000,+42.4711317,-092.3076003,157178.534194000007119,Porkhaven Farms Llp - Hudson Site,9115 Holmes Rd,Hudson,IA,50643,Black Hawk,Active,Confinement,1600.000000000000000,0,Lincoln,42.381799999999998,-92.434579999999997,20,INTERPOLATION-PHOTO, ,1,20,10,70802050806.000000000000000,https://programs.iowadnr.gov/afoemmp/Facility/FacilitySummaryByID?facilityID=60634,326,1600,0,0,0,0,0,0,N,N,1.669485115620000,0.162364536517000,40.000000000000000,1.880000000000000,0.000000000000000,88.331000000000003,815.000000000000000,103.799999999999997,200,25.500000000000000
17,8,G1900150,19,015,00465197,19015,Boone,Boone County,06,H1,G4020,218,11180, ,A,1477555796.000000000000000,8129933.000000000000000,+42.0386420,-093.9386030,154152.688889000011841,Three Brothers Farms,833 H Ave, ,IA,50212,Boone,Active,Confinement,2000.000000000000000,0, ,42.090000000000003,-94.030000000000001,0, , , ,0,0,0.000000000000000,https://programs.iowadnr.gov/afoemmp/Facility/FacilitySummaryByID?facilityID=65123,189,2000,0,0,0,0,0,0,N,N,1.625168730240000,0.161535252377000,43.840000000000003,2.220000000000000,0.140000000000000,17.697900000000001,191.000000000000000,120.299999999999997,31,19.500000000000000
21,9,G1900170,19,017,00465198,19017,Bremer,Bremer County,06,H1,G4020, ,47940, ,A,1127885578.000000000000000,10166468.000000000000000,+42.7808946,-092.3273559,136158.848425000003772,Larry Nilges,1042 Usher Ave,Sumner,IA,50674,Bremer,Active,Confinement,1796.000000000000000,0,Sumner,42.899830000000001,-92.159829999999999,20,INTERPOLATION-PHOTO, ,1,18,9,70801020504.000000000000000,https://programs.iowadnr.gov/afoemmp/Facility/FacilitySummaryByID?facilityID=62496,1773,1796,0,0,0,0,0,0,N,Y,1.475703633700000,0.125180611561000,42.270000000000003,2.220000000000000,0.040000000000000,21.326400000000000,130.000000000000000,86.099999999999994,35,23.199999999999999
45,10,G1900190,19,019,00465199,19019,Buchanan,Buchanan County,06,H1,G4020, , , ,A,1479086713.000000000000000,5223042.000000000000000,+42.4703284,-091.8386658,156755.712106999999378,Fremont Hogs Llc,VICTOR AVENUE,Winthrop,IA,50682,Buchanan,Active,Confinement,1360.000000000000000,0,Fremont,42.511299999999999,-91.668790000000001,20,INTERPOLATION-PHOTO, ,1,23,12,70600060207.000000000000000,https://programs.iowadnr.gov/afoemmp/Facility/FacilitySummaryByID?facilityID=59192,1963,1360,0,0,0,0,0,0,N,N,1.663449288810000,0.162484274979000,41.810000000000002,2.150000000000000,0.020000000000000,14.113899999999999,125.000000000000000,99.400000000000006,40,31.800000000000001
96,11,G1900210,19,021,00465200,19021,Buena Vista,Buena Vista County,06,H1,G4020, ,44740, ,A,1488981867.000000000000000,13798140.000000000000000,+42.7415219,-095.1414324,155136.270167000009678,"S & S Farms, Inc.",1378 650TH ST,Storm Lake,IA,43103,Buena Vista,Active,Confinement/Open Feedlot,5140.000000000000000,0,PROVIDENCE,42.575519999999997,-95.135260000000002,20,INTERPOLATION-PHOTO,PLANT ENTRANCE (GENERAL),04,52,26,71000060309.000000000000000,https://programs.iowadnr.gov/afoemmp/Facility/FacilitySummaryByID?facilityID=60248,44,140,0,5000,0,0,0,0,Y,Y,1.645730682140000,0.165196402581000,46.229999999999997,2.400000000000000,0.500000000000000,13.478600000000000,102.000000000000000,84.200000000000003,31,25.600000000000001
61,12,G1900230,19,023,00465201,19023,Butler,Butler County,06,H1,G4020, , , ,A,1502550829.000000000000000,4194983.000000000000000,+42.7347570,-092.7801530,155300.705091000010725,Iowa Select - Hogenkamp Finisher,29204 Terrace Ave,New Hartford,IA,50660,Butler,Active,Confinement,1600.000000000000000,0,Beaver,42.626150000000003,-92.651579999999996,20,INTERPOLATION-PHOTO, ,1,17,9,70802040607.000000000000000,https://programs.iowadnr.gov/afoemmp/Facility/FacilitySummaryByID?facilityID=58253,1661,1600,0,0,0,0,0,0,N,Y,1.645992963750000,0.165622030105000,42.570000000000000,2.220000000000000,0.060000000000000,9.865900000000000,99.000000000000000,115.000000000000000,27,31.399999999999999
86,13,G1900250,19,025,00465202,19025,Calhoun,Calhoun County,06,H1,G4020, , , ,A,1475894578.000000000000000,5873827.000000000000000,+42.3861699,-094.6436829,163067.381178999989061,"Corey Agr, Inc. Of Lytton Beef Feeding",1530 280TH ST,Lytton,IA,0,Calhoun,Active,Confinement/Open Feedlot,2000.000000000000000,0,Garfield,42.384810000000002,-94.818389999999994,20,INTERPOLATION-PHOTO,PLANT ENTRANCE (GENERAL),04,50,25,71000060504.000000000000000,https://programs.iowadnr.gov/afoemmp/Facility/FacilitySummaryByID?facilityID=56238,76,0,0,2000,0,0,0,0,Y,N,1.736353730950000,0.161987995232000,45.170000000000002,2.480000000000000,0.340000000000000,6.525900000000000,76.000000000000000,130.500000000000000,29,49.799999999999997
83,14,G1900270,19,027,00465203,19027,Carroll,Carroll County,06,H1,G4020, ,16140, ,A,1474877210.000000000000000,2145349.000000000000000,+42.0395021,-094.8676496,153770.819619999994757,B & B Swine,19150 Sycamore Ave,Glidden,IA,51443,Carroll,Active,Confinement,1520.000000000000000,0,Glidden,42.074579999999997,-94.742450000000005,20,INTERPOLATION-PHOTO, ,5,51,26,71000070202.000000000000000,https://programs.iowadnr.gov/afoemmp/Facility/FacilitySummaryByID?facilityID=61903,1654,1520,0,0,0,0,0,0,N,N,1.620085862230000,0.160592637511000,45.500000000000000,2.360000000000000,0.380000000000000,14.087600000000000,145.000000000000000,118.799999999999997,41,33.600000000000001
16,15,G1900290,19,029,00465204,19029,Cass,Cass County,06,H1,G4020, , , ,A,1461422457.000000000000000,1787165.000000000000000,+41.3338235,-094.9333023,153102.633633999997983,"Jdh, Inc. Feedlot",64208 YORK RD,Villisca,IA,50864,Cass,Active,Confinement/Open Feedlot,2750.000000000000000,0, ,41.165900000000001,-94.961929999999995,20,GPS CODE (PSEUDO RANGE) DIFFERENTIAL,STORAGE TANK,5,57,29,102400090404.000000000000000,https://programs.iowadnr.gov/afoemmp/Facility/FacilitySummaryByID?facilityID=56742,122,0,0,2750,0,0,0,0,Y, ,1.602643738920000,0.157383585405000,46.020000000000003,2.510000000000000,0.450000000000000,9.533700000000000,107.000000000000000,137.400000000000006,29,37.200000000000003
28,16,G1900310,19,031,00465205,19031,Cedar,Cedar County,06,H1,G4020, , , ,A,1500798731.000000000000000,6385833.000000000000000,+41.7723600,-091.1326105,155363.658273000008194,Jake Bohlmann,843 National Ave,Tipton,IA,52772,Cedar,Active,Confinement,1184.000000000000000,0,Fairfield,41.829859999999996,-91.113510000000005,20,INTERPOLATION-PHOTO, ,2,79,40,0.000000000000000,https://programs.iowadnr.gov/afoemmp/Facility/FacilitySummaryByID?facilityID=59433,1797,1184,0,0,0,0,0,0,N,Y,1.634235114990000,0.163206159908000,42.619999999999997,2.240000000000000,0.060000000000000,12.268599999999999,94.000000000000000,84.799999999999997,20,18.000000000000000
23,17,G1900330,19,033,00465206,19033,Cerro Gordo,Cerro Gordo County,06,H1,G4020, ,32380, ,A,1471889949.000000000000000,17659669.000000000000000,+43.0749751,-093.2509646,154343.478815999988001,Karl Benjegerdes Hog House,13484 330th St,Mason City,IA,50401,Cerro Gordo,Active,Confinement,1600.000000000000000,0,Lime Creek,43.244680000000002,-93.251050000000006,25,INTERPOLATION-MAP,CENTER OF FACILITY,4,53,27,70802030304.000000000000000,https://programs.iowadnr.gov/afoemmp/Facility/FacilitySummaryByID?facilityID=63823,1332,1600,0,0,0,0,0,0,N,Y,1.642194281430000,0.164650638577000,41.460000000000001,2.120000000000000,0.010000000000000,29.630299999999998,259.000000000000000,101.700000000000003,79,31.000000000000000
77,18,G1900350,19,035,00465207,19035,Cherokee,Cherokee County,06,H1,G4020, , , ,A,1494181143.000000000000000,423160.000000000000000,+42.7427375,-095.6332616,154678.353662000008626,Frederickson Brooder Facility Inc,5822 V Ave, ,IA,56117,Cherokee,Active,Confinement,1275.000099999999975,0,Pitcher,42.671439999999997,-95.448130000000006,20,INTERPOLATION-PHOTO, ,5,53,27,0.000000000000000,https://programs.iowadnr.gov/afoemmp/Facility/FacilitySummaryByID?facilityID=58944,1625,0,0,0,0,1275,0,0,N,Y,1.640272020640000,0.164298042667000,47.350000000000001,2.580000000000000,0.670000000000000,8.076400000000000,118.000000000000000,172.699999999999989,35,51.200000000000003
43,19,G1900370,19,037,00465208,19037,Chickasaw,Chickasaw County,06,H1,G4020, , , ,A,1306192614.000000000000000,3455451.000000000000000,+43.0597409,-092.3172101,145016.926937000011094,Kout Bros. Farms,2890  180th Street,Lawler,IA,52154,Chickasaw,Active,Confinement/Open Feedlot,1950.000000000000000,0,Utica,43.094499999999996,-92.178650000000005,20,INTERPOLATION-PHOTO, ,4,15,8,70600040103.000000000000000,https://programs.iowadnr.gov/afoemmp/Facility/FacilitySummaryByID?facilityID=56638,1917,1080,0,870,0,0,0,0,N,N,1.558261759310000,0.144714687283000,42.579999999999998,2.400000000000000,0.070000000000000,9.498200000000001,97.000000000000000,136.599999999999994,25,35.200000000000003
14,20,G1900390,19,039,00465209,19039,Clarke,Clarke County,06,H1,G4020, , , ,A,1116573604.000000000000000,1524746.000000000000000,+41.0297257,-093.7852594,134905.549880000005942,Adl Iv - Cactus Family Farms,2480 Clover St,Osceola,IA,50213,Clarke,Active,Confinement,1460.000000000000000,0,Green Bay,40.934429999999999,-93.734059999999999,20,INTERPOLATION-PHOTO, ,5,95,48,71000081301.000000000000000,https://programs.iowadnr.gov/afoemmp/Facility/FacilitySummaryByID?facilityID=60550,1867,1460,0,0,0,0,0,0,N,Y,1.438223926850000,0.119717493385000,44.460000000000001,2.480000000000000,0.240000000000000,8.301900000000000,80.000000000000000,139.800000000000011,9,15.699999999999999
51,21,G1900410,19,041,00465625,19041,Clay,Clay County,06,H1,G4020,517,43980, ,A,1469139465.000000000000000,13866648.000000000000000,+43.0812244,-095.1498753,153993.273752999986755,Smith Brad,2915 330th Ave,Terril,IA,51364,Clay,Active,Confinement,1600.000000000000000,0,Lake,43.224390000000000,-94.937709999999996,20,INTERPOLATION-PHOTO, ,5,6,3,102300030701.000000000000000,https://programs.iowadnr.gov/afoemmp/Facility/FacilitySummaryByID?facilityID=60520,1762,1600,0,0,0,0,0,0,N,N,1.639466318550000,0.163929992071000,45.520000000000003,2.440000000000000,0.390000000000000,11.237399999999999,123.000000000000000,126.099999999999994,32,32.799999999999997
19,22,G1900430,19,043,00465210,19043,Clayton,Clayton County,06,H1,G4020, , , ,A,2016295985.000000000000000,36695624.000000000000000,+42.8409849,-091.3235764,204151.929956999985734,Joe Brandt Farm,23227 HIGHWAY 52,Garnavillo,IA,52049,Clayton,Active,Confinement,1320.000000000000000,0, ,42.888840000000002,-91.247979999999998,25,GPS CODE (PSEUDO RANGE) DIFFERENTIAL,PLANT ENTRANCE (GENERAL),1,24,12,706000301.000000000000000,https://programs.iowadnr.gov/afoemmp/Facility/FacilitySummaryByID?facilityID=58458,133,1320,0,0,0,0,0,0,N,Y,2.201789212110000,0.226072813729000,42.409999999999997,2.320000000000000,0.060000000000000,8.828600000000000,102.000000000000000,98.599999999999994,24,23.199999999999999
16,23,G1900450,19,045,00465211,19045,Clinton,Clinton County,06,H1,G4020,209,17540, ,A,1799934696.000000000000000,39410955.000000000000000,+41.8980732,-090.5342431,206251.734369999991031,Naeve Livestock Farms Corporation,4361 140TH STREET P.O. Box 100,Andover,IA,52701,Clinton,Active,Open Feedlot,1200.000000000000000,0,Elk River,41.972790000000003,-90.246409999999997,20,INTERPOLATION-PHOTO,CENTER OF FACILITY,2,98,49,0.000000000000000,https://programs.iowadnr.gov/afoemmp/Facility/FacilitySummaryByID?facilityID=57151,128,0,0,1200,0,0,0,0,Y, ,2.227482300110000,0.199560007267000,44.590000000000003,2.370000000000000,0.240000000000000,26.687500000000000,341.000000000000000,122.500000000000000,69,24.800000000000001
65,24,G1900470,19,047,00465212,19047,Crawford,Crawford County,06,H1,G4020, , , ,A,1849765416.000000000000000,2171717.000000000000000,+42.0431192,-095.3890903,173237.031180999998469,Jeremy Cadwell - Cadwell Hogs,3383 S Ave,Manilla,IA,51454,Crawford,Active,Confinement,1600.000000000000000,0,Nishnabotny,41.950899999999997,-95.214600000000004,20,INTERPOLATION-PHOTO, ,5,51,26,102400020204.000000000000000,https://programs.iowadnr.gov/afoemmp/Facility/FacilitySummaryByID?facilityID=59725,1838,1600,0,0,0,0,0,0,N,N,1.856154376870000,0.201359199510000,46.680000000000000,2.450000000000000,0.570000000000000,9.227100000000000,88.000000000000000,88.799999999999997,24,24.199999999999999
19,25,G1900490,19,049,00465213,19049,Dallas,Dallas County,06,H1,G4020,218,19780, ,A,1523686079.000000000000000,8569247.000000000000000,+41.6853205,-094.0407065,160432.898500000010245,Brenton Brothers Inc.,21580 XAVIER AVE,Grimes,IA,50111,Polk,Active,Open Feedlot,9640.000000000000000,0,Grant,41.719239999999999,-93.819149999999993,20,INTERPOLATION-PHOTO,PLANT ENTRANCE (GENERAL),04,47,24,71000040911.000000000000000,https://programs.iowadnr.gov/afoemmp/Facility/FacilitySummaryByID?facilityID=58687,33,0,0,9640,0,0,0,0,Y, ,1.689332863750000,0.165698625215000,46.619999999999997,2.250000000000000,0.560000000000000,43.132399999999997,283.000000000000000,46.899999999999999,63,10.400000000000000
30,26,G1900510,19,051,00465214,19051,Davis,Davis County,06,H1,G4020, , , ,A,1300661926.000000000000000,6904087.000000000000000,+40.7480892,-092.4103453,144942.792203999997582,Buch Farms Milton Site,24444 Wheat Avenue,Pulaski,IA,52584,Davis,Active,Confinement,3168.000000000000000,0,Prairie,40.694859999999998,-92.201130000000006,20,INTERPOLATION-PHOTO, ,2,94,47,0.000000000000000,https://programs.iowadnr.gov/afoemmp/Facility/FacilitySummaryByID?facilityID=61981,1999,3168,0,0,0,0,0,0,N,N,1.525813049050000,0.139419360406000,44.810000000000002,2.840000000000000,0.290000000000000,6.692000000000000,63.000000000000000,115.599999999999994,15,27.500000000000000
15,27,G1900530,19,053,00465215,19053,Decatur,Decatur County,06,H1,G4020, , , ,A,1377569408.000000000000000,4138626.000000000000000,+40.7363787,-093.7845799,148649.056010000000242,"Grand River Cattle Co, Llc",12011 205th St,Grand River,IA,50108,Decatur,Active,Open Feedlot,8500.000000000000000,0,Grand River,40.742770000000000,-93.977130000000002,20,INTERPOLATION-PHOTO, ,02,95,48,102801020401.000000000000000,https://programs.iowadnr.gov/afoemmp/Facility/FacilitySummaryByID?facilityID=60056,60,0,0,8500,0,0,0,0,Y, ,1.558487189540000,0.147302975846000,45.020000000000003,2.730000000000000,0.320000000000000,6.118800000000000,36.000000000000000,77.400000000000006,13,27.899999999999999
60,28,G1900550,19,055,00465216,19055,Delaware,Delaware County,06,H1,G4020, , , ,A,1496193400.000000000000000,3185375.000000000000000,+42.4729373,-091.3667667,156131.489193999994313,Perrinjaquet Kevin - Klein Site,1746 130th Avenue,Dundee,IA,52038,Delaware,Active,Confinement,1600.000000000000000,0,Coffins Grove,42.535420000000002,-91.547709999999995,20,INTERPOLATION-PHOTO, ,1,24,12,70600060206.000000000000000,https://programs.iowadnr.gov/afoemmp/Facility/FacilitySummaryByID?facilityID=61644,1738,1600,0,0,0,0,0,0,N,N,1.653790696450000,0.164135005306000,42.430000000000000,2.280000000000000,0.050000000000000,11.844799999999999,99.000000000000000,95.500000000000000,22,21.199999999999999
13,29,G1900570,19,057,00465217,19057,Des Moines,Des Moines County,06,H1,G4020,161,15460, ,A,1077768376.000000000000000,35342794.000000000000000,+40.9153393,-091.1869253,151395.369147999997949,Stucker's Finishers,16901 190TH AVENUE,New London,IA,52645,Des Moines,Active,Confinement,1584.000000000000000,0,Pleasant Grove,40.931100000000001,-91.293030000000002,20,INTERPOLATION-PHOTO, ,2,87,44,70801041202.000000000000000,https://programs.iowadnr.gov/afoemmp/Facility/FacilitySummaryByID?facilityID=62425,191,1584,0,0,0,0,0,0,N,N,1.566887079610000,0.118995365224000,43.189999999999998,2.480000000000000,0.120000000000000,36.197600000000001,304.000000000000000,131.099999999999994,71,30.600000000000001
17,30,G1900590,19,059,00465218,19059,Dickinson,Dickinson County,06,H1,G4020,517,44020, ,A,985574547.000000000000000,60680641.000000000000000,+43.3896107,-095.1960572,131247.937876999989385,Longshot,2272 140th Ave,Milford,IA,51351,Dickinson,Active,Confinement/Open Feedlot,2400.000000000000000,0,Westport,43.318370000000002,-95.306889999999996,20,INTERPOLATION-PHOTO, ,5,6,3,102300030401.000000000000000,https://programs.iowadnr.gov/afoemmp/Facility/FacilitySummaryByID?facilityID=63890,1811,1600,0,800,0,0,0,0,N,N,1.438654685660000,0.116205801697000,44.329999999999998,2.660000000000000,0.240000000000000,15.930999999999999,112.000000000000000,105.799999999999997,26,24.600000000000001
15,31,G1900610,19,061,00465219,19061,Dubuque,Dubuque County,06,H1,G4020, ,20220, ,A,1575487976.000000000000000,21138781.000000000000000,+42.4634808,-090.8787708,180532.068924999999581,Lns Cascade,30250 Goose Hill Rd,Cascade,IA,52033,Dubuque,Active,Confinement,1760.000000000000000,0,Cascade,42.302909999999997,-91.079200000000000,20,INTERPOLATION-PHOTO, ,1,31,16,70600060605.000000000000000,https://programs.iowadnr.gov/afoemmp/Facility/FacilitySummaryByID?facilityID=59429,1279,1760,0,0,0,0,0,0,N,Y,1.960706178620000,0.174774015744000,43.659999999999997,1.970000000000000,0.100000000000000,58.622199999999999,491.000000000000000,83.500000000000000,120,20.399999999999999
82,32,G1900630,19,063,00465220,19063,Emmet,Emmet County,06,H1,G4020, , , ,A,1025349325.000000000000000,17175565.000000000000000,+43.3779844,-094.6693702,130913.079129000005196,J.a.n.s. Farms Inc Site #1,2643 510th Ave,Graettinger,IA,51342,Emmet,Active,Confinement,1320.000000000000000,0,Jack Creek,43.263039999999997,-94.581000000000003,20,INTERPOLATION-PHOTO, ,4,7,4,71000020203.000000000000000,https://programs.iowadnr.gov/afoemmp/Facility/FacilitySummaryByID?facilityID=60020,1737,1320,0,0,0,0,0,0,N,N,1.434157768850000,0.115791484380000,46.430000000000000,3.100000000000000,0.500000000000000,9.883400000000000,59.000000000000000,106.700000000000003,13,23.500000000000000
44,33,G1900650,19,065,00465221,19065,Fayette,Fayette County,06,H1,G4020, , , ,A,1892806735.000000000000000,1354955.000000000000000,+42.8641219,-091.8403761,175570.863186000002315,Vrzak Site,30150 X Avenue,Waucoma,IA,52171,Fayette,Active,Confinement,1840.000000000000000,0,Eden,43.069319999999998,-92.060730000000007,20,INTERPOLATION-PHOTO, ,1,18,9,70600040203.000000000000000,https://programs.iowadnr.gov/afoemmp/Facility/FacilitySummaryByID?facilityID=57711,1966,1840,0,0,0,0,0,0,N,Y,1.831405223250000,0.208642054611000,42.130000000000003,2.120000000000000,0.030000000000000,11.021100000000001,150.000000000000000,128.900000000000006,25,21.500000000000000
31,34,G1900670,19,067,00465222,19067,Floyd,Floyd County,06,H1,G4020, , , ,A,1296471923.000000000000000,2023930.000000000000000,+43.0527410,-092.7873669,144485.951067999994848,S & V Llc,2650 HWY 14,Marble Rock,IA,50653,Floyd,Active,Confinement,1600.000000000000000,0,Union,42.972220000000000,-92.804029999999997,20,INTERPOLATION-PHOTO, ,4,14,7,0.000000000000000,https://programs.iowadnr.gov/afoemmp/Facility/FacilitySummaryByID?facilityID=61427,1683,1600,0,0,0,0,0,0,N,N,1.551959417880000,0.143482075204000,42.390000000000001,2.300000000000000,0.050000000000000,12.553599999999999,100.000000000000000,107.599999999999994,20,21.500000000000000
162,35,G1900690,19,069,00465223,19069,Franklin,Franklin County,06,H1,G4020, , , ,A,1507291799.000000000000000,1438346.000000000000000,+42.7365451,-093.2714152,155451.362903000001097,Showalter Finisher Farm,1976 215TH ST,Sheffield,IA,0,Franklin,Active,Confinement/Open Feedlot,2600.000000000000000,0,West Fork,42.843829999999997,-93.124899999999997,20,INTERPOLATION-PHOTO, ,4,12,6,70802040401.000000000000000,https://programs.iowadnr.gov/afoemmp/Facility/FacilitySummaryByID?facilityID=59021,1650,1800,0,800,0,0,0,0,N,Y,1.647938137920000,0.165842707865000,42.719999999999999,2.260000000000000,0.060000000000000,7.078900000000000,68.000000000000000,113.500000000000000,15,25.000000000000000
4,36,G1900710,19,071,00465224,19071,Fremont,Fremont County,06,H1,G4020, , , ,A,1323918215.000000000000000,14168938.000000000000000,+40.7425902,-095.5991816,152199.482860999996774,Mar-i-war Co.,1073 310TH Street,Tabor,IA,51653,Fremont,Active,Confinement,1520.000000000000000,0,Riverside,40.891770000000001,-95.596289999999996,20,INTERPOLATION-PHOTO, ,5,97,49,102400020803.000000000000000,https://programs.iowadnr.gov/afoemmp/Facility/FacilitySummaryByID?facilityID=59871,4292,1520,0,0,0,0,0,0,N,N,1.621997070150000,0.142669276831000,45.200000000000003,3.370000000000000,0.360000000000000,5.559600000000000,51.000000000000000,127.000000000000000,9,22.399999999999999
70,37,G1900730,19,073,00465225,19073,Greene,Greene County,06,H1,G4020, , , ,A,1475154712.000000000000000,4404193.000000000000000,+42.0425128,-094.3887271,153995.023910999996588,Eason Feedlot Lc - Sec 6,737 220th St # 30,Scranton,IA,51462,Greene,Active,Confinement/Open Feedlot,2525.000000000000000,0,Jackson,42.030990000000003,-94.504739999999998,20,INTERPOLATION-PHOTO, ,4,50,25,71000061405.000000000000000,https://programs.iowadnr.gov/afoemmp/Facility/FacilitySummaryByID?facilityID=56412,1669,0,0,2525,0,0,0,0,N,N,1.622775798030000,0.160868433854000,46.969999999999999,2.720000000000000,0.590000000000000,6.309400000000000,82.000000000000000,155.599999999999994,14,26.500000000000000
42,38,G1900750,19,075,00465226,19075,Grundy,Grundy County,06,H1,G4020, ,47940, ,A,1299799697.000000000000000,92512.000000000000000,+42.4033387,-092.7902437,158114.578467999992426,Mac Finisher Farm,25520 B Ave,Eldora,IA,50627,Grundy,Active,Confinement,1780.000000000000000,0,Melrose,42.330019999999998,-93.001189999999994,20,INTERPOLATION-PHOTO, ,3,40,20,70802070903.000000000000000,https://programs.iowadnr.gov/afoemmp/Facility/FacilitySummaryByID?facilityID=61937,1924,1780,0,0,0,0,0,0,N,Y,1.678941119260000,0.142142338857000,42.130000000000003,2.320000000000000,0.050000000000000,9.578600000000000,90.000000000000000,121.900000000000006,21,28.399999999999999
19,39,G1900770,19,077,00465227,19077,Guthrie,Guthrie County,06,H1,G4020,218,19780, ,A,1529656705.000000000000000,6355531.000000000000000,+41.6835728,-094.5012723,163427.437023000005865,Guthrie Center Egg Farm - Laop,2143 215TH ROAD,Guthrie Center,IA,41573,Guthrie,Active,Confinement,13893.000000000000000,0,Seely,41.695729999999998,-94.522049999999993,20,INTERPOLATION-PHOTO,PLANT ENTRANCE (GENERAL),04,58,29,71000070404.000000000000000,https://programs.iowadnr.gov/afoemmp/Facility/FacilitySummaryByID?facilityID=61163,1,0,0,0,13893,0,0,0,Y,Y,1.723434985960000,0.166102060678000,45.920000000000002,2.540000000000000,0.440000000000000,7.129700000000000,65.000000000000000,101.400000000000006,17,26.500000000000000
166,40,G1900790,19,079,00465228,19079,Hamilton,Hamilton County,06,H1,G4020, , , ,A,1493720721.000000000000000,1956182.000000000000000,+42.3907886,-093.7091296,161081.035900999995647,Merlyn Hegland - Farm C,2566 Young Ave,Williams,IA,50271,Hamilton,Active,Confinement,1760.000000000000000,0,Rose Grove,42.417749999999998,-93.500540000000001,20,INTERPOLATION-PHOTO, ,4,10,5,70802070401.000000000000000,https://programs.iowadnr.gov/afoemmp/Facility/FacilitySummaryByID?facilityID=61124,1696,1760,0,0,0,0,0,0,N,N,1.713603631190000,0.163504851310000,42.079999999999998,2.400000000000000,0.040000000000000,10.476300000000000,105.000000000000000,118.099999999999994,26,29.300000000000001
74,41,G1900810,19,081,00465229,19081,Hancock,Hancock County,06,H1,G4020, , , ,A,1478895055.000000000000000,5265568.000000000000000,+43.0754105,-093.7436965,154165.034279999992577,Muff Farms,2410 290th St,Garner,IA,50438,Hancock,Inactive,Confinement,1520.000000000000000,0,Ellington,43.182510000000001,-93.515309999999999,20,INTERPOLATION-PHOTO, ,4,11,6,70802030109.000000000000000,https://programs.iowadnr.gov/afoemmp/Facility/FacilitySummaryByID?facilityID=59282,1698,1520,0,0,0,0,0,0,N,Y,1.640071395650000,0.164055763171000,43.259999999999998,2.430000000000000,0.110000000000000,7.642000000000000,59.000000000000000,92.500000000000000,22,34.500000000000000
169,42,G1900830,19,083,00465230,19083,Hardin,Hardin County,06,H1,G4020, , , ,A,1474498036.000000000000000,1783759.000000000000000,+42.3902079,-093.2416690,159182.141067999997176,Dubberke,31994 U Ave,Union,IA,50258,Hardin,Active,Confinement,1620.000000000000000,0,Union,42.238399999999999,-93.097759999999994,20,INTERPOLATION-PHOTO, ,4,44,22,70802070905.000000000000000,https://programs.iowadnr.gov/afoemmp/Facility/FacilitySummaryByID?facilityID=58334,1615,1620,0,0,0,0,0,0,N,N,1.690533525660000,0.161384899391000,41.840000000000003,2.240000000000000,0.020000000000000,11.874400000000000,118.000000000000000,118.000000000000000,26,26.000000000000000
18,43,G1900850,19,085,00465231,19085,Harrison,Harrison County,06,H1,G4020,420,36540, ,A,1804896271.000000000000000,12325506.000000000000000,+41.6885844,-095.8271491,200073.953436000010697,Husker Site - Baily Ridge Partners,2620 130th St,Woodbine,IA,51579,Harrison,Active,Confinement,1920.000000000000000,0,Allen,41.819110000000002,-95.803749999999994,20,INTERPOLATION-PHOTO,CENTER OF FACILITY,5,56,28,0.000000000000000,https://programs.iowadnr.gov/afoemmp/Facility/FacilitySummaryByID?facilityID=65855,1881,1920,0,0,0,0,0,0,N,N,2.167559955890000,0.196508897705000,45.509999999999998,2.790000000000000,0.400000000000000,8.211399999999999,128.000000000000000,148.699999999999989,22,25.500000000000000
21,44,G1900870,19,087,00465232,19087,Henry,Henry County,06,H1,G4020, , , ,A,1124800194.000000000000000,5774829.000000000000000,+40.9848025,-091.5472594,135988.020496999990428,Doyle Grieser,1010 Benton Ave,Wayland,IA,52654,Henry,Active,Confinement,1920.000000000000000,0,Jefferson,41.161960000000001,-91.675319999999999,20,INTERPOLATION-PHOTO, ,2,91,46,70801070206.000000000000000,https://programs.iowadnr.gov/afoemmp/Facility/FacilitySummaryByID?facilityID=63047,129,1920,0,0,0,0,0,0,N,N,1.390944285940000,0.120979195841000,44.180000000000000,2.400000000000000,0.200000000000000,17.806600000000000,129.000000000000000,107.599999999999994,29,24.199999999999999
72,45,G1900890,19,089,00465233,19089,Howard,Howard County,06,H1,G4020, , , ,A,1225702841.000000000000000,931480.000000000000000,+43.3653125,-092.3219084,140635.594414999999572,Paris Foods Inc.,15002 140th St,Cresco,IA,52136,Howard,Active,Confinement,2864.800000000000182,0,Paris,43.312230000000000,-92.277349999999998,20,INTERPOLATION-PHOTO, ,4,15,8,70600040302.000000000000000,https://programs.iowadnr.gov/afoemmp/Facility/FacilitySummaryByID?facilityID=58661,1764,2864,0,0,0,0,0,0,N,N,1.522391789050000,0.136193235629000,42.119999999999997,2.750000000000000,0.070000000000000,7.800500000000000,53.000000000000000,94.799999999999997,20,35.799999999999997
42,46,G1900910,19,091,00465234,19091,Humboldt,Humboldt County,06,H1,G4020, , , ,A,1125017998.000000000000000,3373409.000000000000000,+42.7822212,-094.2027754,135564.197798999986844,Avery Finisher,1303 250th St,Bradgate,IA,50520,Humboldt,Active,Confinement,1620.000000000000000,0,Avery,42.754739999999998,-94.382620000000003,20,INTERPOLATION-PHOTO, ,4,8,4,71000020901.000000000000000,https://programs.iowadnr.gov/afoemmp/Facility/FacilitySummaryByID?facilityID=61818,1727,1620,0,0,0,0,0,0,N,Y,1.469885289730000,0.124121687353000,44.590000000000003,2.520000000000000,0.250000000000000,8.699800000000000,73.000000000000000,127.400000000000006,14,24.399999999999999
30,47,G1900930,19,093,00465235,19093,Ida,Ida County,06,H1,G4020, , , ,A,1117614339.000000000000000,1391966.000000000000000,+42.3918601,-095.5074206,146941.010785999998916,Rjo Finisher Farm,3346 Quail Ave,Kiron,IA,51448,Ida,Active,Confinement,2000.000000000000000,0,Hayes,42.218470000000003,-95.341440000000006,20,INTERPOLATION-PHOTO, ,5,55,28,102300070209.000000000000000,https://programs.iowadnr.gov/afoemmp/Facility/FacilitySummaryByID?facilityID=63848,1634,2000,0,0,0,0,0,0,N,N,1.539529264750000,0.122333791968000,46.640000000000001,2.730000000000000,0.560000000000000,6.336500000000000,55.000000000000000,133.500000000000000,13,31.500000000000000
12,48,G1900950,19,095,00465236,19095,Iowa,Iowa County,06,H1,G4020, , , ,A,1518911689.000000000000000,2686847.000000000000000,+41.6839184,-092.0591226,156700.035841000004439,Amana Farms - Feedlot,2295 CO HIGHWAY F15, ,IA,52203,Iowa,Active,Confinement/Digester/Open Feedlot,4000.000000000000000,0, ,41.808059999999998,-91.963780000000000,0, , ,01,0,0,0.000000000000000,https://programs.iowadnr.gov/afoemmp/Facility/FacilitySummaryByID?facilityID=56996,62,0,0,4000,0,0,0,0,Y,N,1.647142558860000,0.164549846265000,43.719999999999999,2.220000000000000,0.130000000000000,10.744500000000000,102.000000000000000,104.200000000000003,19,19.399999999999999
4,49,G1900970,19,097,00465237,19097,Jackson,Jackson County,06,H1,G4020, , , ,A,1647344929.000000000000000,35129054.000000000000000,+42.1642256,-090.5745819,189052.726140000013402,David Morehead,6509 224th St,Bernard,IA,52032,Jackson,Active,Confinement,1920.000000000000000,0,Butler,42.221359999999997,-90.818790000000007,20,INTERPOLATION-PHOTO, ,1,25,13,70600060801.000000000000000,https://programs.iowadnr.gov/afoemmp/Facility/FacilitySummaryByID?facilityID=65119,2907,1920,0,0,0,0,0,0,N,N,2.076466296520000,0.183316379777000,44.560000000000002,2.820000000000000,0.270000000000000,11.793200000000001,129.000000000000000,111.099999999999994,31,26.699999999999999
31,50,G1900990,19,099,00465238,19099,Jasper,Jasper County,06,H1,G4020,218,19780, ,A,1891795109.000000000000000,6544165.000000000000000,+41.6855513,-093.0541468,177220.015113000001293,Van Wyk Fine Swine,9213 West 78th Street South,Prairie City,IA,50228,Jasper,Active,Confinement,1536.000000000000000,0,Des Moines,41.572479999999999,-93.179910000000007,20,INTERPOLATION-PHOTO, ,3,42,21,0.000000000000000,https://programs.iowadnr.gov/afoemmp/Facility/FacilitySummaryByID?facilityID=58609,1689,1536,0,0,0,0,0,0,N,Y,1.893349479850000,0.205290748565000,44.869999999999997,2.170000000000000,0.250000000000000,19.396000000000001,227.000000000000000,100.799999999999997,66,29.300000000000001
15,51,G1901010,19,101,00465239,19101,Jefferson,Jefferson County,06,H1,G4020, ,21840, ,A,1128002393.000000000000000,3522238.000000000000000,+41.0063762,-091.9666277,135958.222963000007439,Elm Creek Farms Inc.,2715 Eastwood Ave,Libertyville,IA,52567,Jefferson,Inactive,Confinement,1536.000000000000000,0,Des Moines,40.923540000000003,-92.099959999999996,280,PUBLIC LAND SURVEY - SIXTEENTH SECTION, ,2,90,45,71000090802.000000000000000,https://programs.iowadnr.gov/afoemmp/Facility/FacilitySummaryByID?facilityID=60749,1685,1536,0,0,0,0,0,0,N,Y,1.450303693650000,0.121160027170000,44.450000000000003,2.530000000000000,0.240000000000000,14.877700000000001,103.000000000000000,101.200000000000003,25,24.600000000000001
7,52,G1901030,19,103,00465240,19103,Johnson,Johnson County,06,H1,G4020,168,26980, ,A,1587662015.000000000000000,26064625.000000000000000,+41.6706680,-091.5905285,178182.329339999996591,Gama Inc.,5630 Johnson Louisa Rd SE,Nichols,IA,52766,Johnson,Inactive,Confinement,1584.000000000000000,0,Fremont,41.423769999999998,-91.383870000000002,20,INTERPOLATION-PHOTO,CENTER OF FACILITY,2,89,45,70802090802.000000000000000,https://programs.iowadnr.gov/afoemmp/Facility/FacilitySummaryByID?facilityID=62243,763,1584,0,0,0,0,0,0,N,Y,1.847923742280000,0.174473388354000,44.509999999999998,1.890000000000000,0.190000000000000,81.049800000000005,320.000000000000000,34.600000000000001,76,8.199999999999999
18,53,G1901050,19,105,00465241,19105,Jones,Jones County,06,H1,G4020,168,16300, ,A,1490844762.000000000000000,3782492.000000000000000,+42.1251175,-091.1169141,154717.510180000012042,Lee Crock,1230  200th Avenue,Mechanicsville,IA,52306,Jones,Active,Confinement,1070.000000000000000,0,Greenfield,41.950620000000001,-91.267409999999998,20,INTERPOLATION-PHOTO,CENTER OF FACILITY,1,31,16,70801030102.000000000000000,https://programs.iowadnr.gov/afoemmp/Facility/FacilitySummaryByID?facilityID=64750,1820,720,0,350,0,0,0,0,N,N,1.631115299820000,0.162721369550000,43.189999999999998,2.300000000000000,0.100000000000000,13.802700000000000,147.000000000000000,118.000000000000000,28,22.500000000000000
42,54,G1901070,19,107,00465242,19107,Keokuk,Keokuk County,06,H1,G4020, , , ,A,1500056812.000000000000000,1944064.000000000000000,+41.3311823,-092.1677213,155123.252700999990338,Endeavor Pig Company Inc.,18500 103rd St,Keswick,IA,50136,Keokuk,Active,Confinement,2949.599999999999909,0,Adams,41.505820000000000,-92.248260000000002,20,INTERPOLATION-PHOTO, ,3,76,38,70802090503.000000000000000,https://programs.iowadnr.gov/afoemmp/Facility/FacilitySummaryByID?facilityID=58850,221,2949,0,0,0,0,0,0,N,Y,1.626077847300000,0.161568169326000,44.000000000000000,2.420000000000000,0.180000000000000,6.995500000000000,62.000000000000000,102.799999999999997,15,24.800000000000001
210,55,G1901090,19,109,00465243,19109,Kossuth,Kossuth County,06,H1,G4020, , , ,A,2519361809.000000000000000,4125592.000000000000000,+43.2123560,-094.2139652,208618.763904999999795,John Bernhard,307 330th St,Fenton,IA,50539,Kossuth,Active,Confinement,1400.000000000000000,0,Fenton,43.241840000000003,-94.386319999999998,20,INTERPOLATION-PHOTO, ,4,7,4,71000030502.000000000000000,https://programs.iowadnr.gov/afoemmp/Facility/FacilitySummaryByID?facilityID=56562,1734,1400,0,0,0,0,0,0,N,N,2.128674920370000,0.279491832502000,42.560000000000002,2.430000000000000,0.060000000000000,6.159100000000000,95.000000000000000,108.200000000000003,31,35.299999999999997
12,56,G1901110,19,111,00465244,19111,Lee,Lee County,06,H1,G4020,161,22800, ,A,1340448561.000000000000000,55266767.000000000000000,+40.6475875,-091.4771574,189314.944980000000214,Holtkamp Marvin,1731 170th Ave,Donnellson,IA,52625,Lee,Active,Confinement,1026.000000000000000,0,Franklin,40.708010000000002,-91.586720000000000,20,INTERPOLATION-PHOTO, ,2,91,46,70801041601.000000000000000,https://programs.iowadnr.gov/afoemmp/Facility/FacilitySummaryByID?facilityID=59639,1929,1026,0,0,0,0,0,0,N,N,1.994591770330000,0.148586149236000,43.780000000000001,2.590000000000000,0.170000000000000,25.675799999999999,256.000000000000000,128.099999999999994,62,31.000000000000000
9,57,G1901130,19,113,00465245,19113,Linn,Linn County,06,H1,G4020,168,16300, ,A,1857173066.000000000000000,19710590.000000000000000,+42.0779506,-091.5976735,174394.977547999995295,Mallie Farms Inc,1553 Hwy 1N,Mount Vernon,IA,52314,Linn,Active,Confinement,1360.000000000000000,0,Linn,41.972059999999999,-91.375969999999995,20,INTERPOLATION-PHOTO,CENTER OF FACILITY,2,29,15,70801030101.000000000000000,https://programs.iowadnr.gov/afoemmp/Facility/FacilitySummaryByID?facilityID=65677,1379,1360,0,0,0,0,0,0,N,N,1.806763944310000,0.204203917751000,41.920000000000002,1.500000000000000,0.000000000000000,112.465999999999994,1116.000000000000000,81.599999999999994,305,22.300000000000001
26,58,G1901150,19,115,00465246,19115,Louisa,Louisa County,06,H1,G4020, , , ,A,1040583976.000000000000000,40784321.000000000000000,+41.2182111,-091.2569936,164609.680171999993036,Robert And Nance Utter Farm,19652-140th Street,Columbus Junction,IA,52738,Louisa,Active,Confinement,1600.000000000000000,0,Concord,41.265760000000000,-91.307900000000004,20,INTERPOLATION-PHOTO, ,2,87,44,0.000000000000000,https://programs.iowadnr.gov/afoemmp/Facility/FacilitySummaryByID?facilityID=58736,293,1600,0,0,0,0,0,0,N,Y,1.750524140020000,0.116114411269000,44.189999999999998,2.590000000000000,0.210000000000000,10.526500000000000,58.000000000000000,89.000000000000000,24,36.799999999999997
4,59,G1901170,19,117,00465247,19117,Lucas,Lucas County,06,H1,G4020, , , ,A,1115458264.000000000000000,9852845.000000000000000,+41.0333440,-093.3314666,135372.353587999998126,Lucas Gilt Developer Unit,18498 420th Street,Derby,IA,50068,Lucas,Active,Confinement,1940.000000000000000,0,Warren,40.926180000000002,-93.394499999999994,20,INTERPOLATION-PHOTO, ,3,72,36,102802010204.000000000000000,https://programs.iowadnr.gov/afoemmp/Facility/FacilitySummaryByID?facilityID=60671,3063,1940,0,0,0,0,0,0,N,Y,1.443058207920000,0.120490379632000,44.299999999999997,2.430000000000000,0.200000000000000,7.905800000000000,89.000000000000000,171.500000000000000,16,30.800000000000001
147,60,G1901190,19,119,00465248,19119,Lyon,Lyon County,06,H1,G4020, , , ,A,1521901261.000000000000000,440273.000000000000000,+43.3835796,-096.2072011,194481.058996000007028,Lyon Pork Llc,3953 190th St,George,IA,51237,Lyon,Active,Confinement,1920.000000000000000,0,Liberal,43.373730000000002,-96.007720000000006,20,INTERPOLATION-PHOTO, ,5,4,2,101702040606.000000000000000,https://programs.iowadnr.gov/afoemmp/Facility/FacilitySummaryByID?facilityID=63894,1612,1920,0,0,0,0,0,0,N,N,2.223108802350000,0.169090769258000,46.020000000000003,3.200000000000000,0.460000000000000,7.608500000000000,68.000000000000000,94.700000000000003,17,23.600000000000001
8,61,G1901210,19,121,00465249,19121,Madison,Madison County,06,H1,G4020,218,19780, ,A,1452999052.000000000000000,2983840.000000000000000,+41.3306216,-094.0151842,153128.148902999993879,Bittersweet Finisher Farm,2860 Bittersweet Avenue,Macksburg,IA,50155,Madison,Active,Confinement,1536.000000000000000,0,Grand River,41.235439999999997,-94.221909999999994,20,INTERPOLATION-PHOTO, ,4,73,37,102801020204.000000000000000,https://programs.iowadnr.gov/afoemmp/Facility/FacilitySummaryByID?facilityID=58243,1325,1536,0,0,0,0,0,0,N,N,1.600894588440000,0.156604448248000,45.729999999999997,2.450000000000000,0.400000000000000,10.763700000000000,90.000000000000000,90.099999999999994,15,15.000000000000000
61,62,G1901230,19,123,00465250,19123,Mahaska,Mahaska County,06,H1,G4020,218,36820, ,A,1478498332.000000000000000,6594320.000000000000000,+41.3307973,-092.6363661,154179.453172999987146,Keith Debruin,1789 210th St,Oskaloosa,IA,52577,Mahaska,Active,Confinement,1280.000000000000000,0,Madison,41.352350000000001,-92.718559999999997,20,INTERPOLATION-PHOTO, ,3,72,36,70801051203.000000000000000,https://programs.iowadnr.gov/afoemmp/Facility/FacilitySummaryByID?facilityID=59670,1690,1280,0,0,0,0,0,0,N,N,1.614583240830000,0.159746334605000,44.500000000000000,2.300000000000000,0.210000000000000,15.061400000000001,119.000000000000000,90.000000000000000,43,32.500000000000000
6,63,G1901250,19,125,00465251,19125,Marion,Marion County,06,H1,G4020,218,37800, ,A,1436123086.000000000000000,41484608.000000000000000,+41.3314327,-093.0938678,153820.361051999992924,Smith Fertilizer & Grain,1650 QUEBEC ST,Knoxville,IA,0,Marion,Inactive,Confinement,1428.400000000000091,0,Knoxville,41.250990000000002,-93.033860000000004,20,INTERPOLATION-PHOTO, ,3,71,36,71000090309.000000000000000,https://programs.iowadnr.gov/afoemmp/Facility/FacilitySummaryByID?facilityID=59160,1754,1428,0,0,0,0,0,0,N,Y,1.610401373350000,0.158939386177000,46.100000000000001,2.450000000000000,0.460000000000000,22.525700000000001,231.000000000000000,115.099999999999994,42,20.899999999999999
28,64,G1901270,19,127,00465252,19127,Marshall,Marshall County,06,H1,G4020, ,32260, ,A,1482776070.000000000000000,1803080.000000000000000,+42.0416996,-092.9814034,154127.081141000002390,Mead Family Farms Llc,2235 Summit Rd,Marshalltown,IA,50158,Marshall,Active,Confinement,1152.000000000000000,0,Marietta,42.071539999999999,-92.992220000000003,20,INTERPOLATION-PHOTO, ,4,44,22,0.000000000000000,https://programs.iowadnr.gov/afoemmp/Facility/FacilitySummaryByID?facilityID=61407,136,1152,0,0,0,0,0,0,N,Y,1.624431955230000,0.161413256415000,43.049999999999997,2.070000000000000,0.060000000000000,27.363099999999999,310.000000000000000,129.900000000000006,70,29.300000000000001
2,65,G1901290,19,129,00465253,19129,Mills,Mills County,06,H1,G4020,420,36540, ,A,1132940500.000000000000000,8316363.000000000000000,+41.0337028,-095.6191010,139528.309842999995453,Guttau Feedlot,52230 221ST ST,Glenwood,IA,0,Mills,Inactive,Open Feedlot,1200.000000000000000,0,Oak,41.128100000000003,-95.774739999999994,20,INTERPOLATION-PHOTO,CENTER OF FACILITY,3,23,12,0.000000000000000,https://programs.iowadnr.gov/afoemmp/Facility/FacilitySummaryByID?facilityID=68709,10836,0,0,1200,0,0,0,0,N, ,1.507113622850000,0.122205189058000,45.909999999999997,3.090000000000000,0.440000000000000,13.188200000000000,101.000000000000000,114.000000000000000,21,23.699999999999999
59,66,G1901310,19,131,00465254,19131,Mitchell,Mitchell County,06,H1,G4020, , , ,A,1215368212.000000000000000,1118491.000000000000000,+43.3485643,-092.7844663,140033.797395000001416,Hogville Corp.,4147 Hickory Ave,Saint Ansgar,IA,50472,Mitchell,Active,Confinement,1500.000000000000000,0,Saint Ansgar,43.361289999999997,-92.891599999999997,20,INTERPOLATION-PHOTO, ,4,14,7,70802010605.000000000000000,https://programs.iowadnr.gov/afoemmp/Facility/FacilitySummaryByID?facilityID=63273,210,1500,0,0,0,0,0,0,N,Y,1.515326987980000,0.135065819579000,43.810000000000002,2.740000000000000,0.170000000000000,8.859999999999999,47.000000000000000,74.099999999999994,18,28.300000000000001
7,67,G1901330,19,133,00465255,19133,Monona,Monona County,06,H1,G4020, , , ,A,1797639077.000000000000000,12591063.000000000000000,+42.0494317,-095.9565661,195863.027555999986362,Johnson Cattle Company,30938 County Highway E-54,Moorhead,IA,51558,Monona,Inactive,Open Feedlot,21000.000000000000000,0,Belvidere,41.958179999999999,-95.942970000000003,20,INTERPOLATION-PHOTO, ,5,56,28,0.000000000000000,https://programs.iowadnr.gov/afoemmp/Facility/FacilitySummaryByID?facilityID=61298,52,0,0,21000,0,0,0,0,Y, ,2.140286130590000,0.196868499452000,47.039999999999999,3.010000000000000,0.600000000000000,5.105900000000000,80.000000000000000,155.500000000000000,25,48.600000000000001
2,68,G1901350,19,135,00465256,19135,Monroe,Monroe County,06,H1,G4020, , , ,A,1123320781.000000000000000,1522790.000000000000000,+41.0288473,-092.8696415,135325.521490000013728,Deerview,2727 730th Ave,Blakesburg,IA,52536,Monroe,Active,Confinement,1920.000000000000000,0,Urbana,40.910490000000003,-92.658220000000000,20,INTERPOLATION-PHOTO,CENTER OF FACILITY,3,72,36,71000090701.000000000000000,https://programs.iowadnr.gov/afoemmp/Facility/FacilitySummaryByID?facilityID=65788,4879,1920,0,0,0,0,0,0,N,N,1.442574890550000,0.120441070564000,46.090000000000003,2.790000000000000,0.430000000000000,7.084700000000000,69.000000000000000,150.199999999999989,20,43.500000000000000
4,69,G1901370,19,137,00465257,19137,Montgomery,Montgomery County,06,H1,G4020, , , ,A,1098405771.000000000000000,2410446.000000000000000,+41.0217348,-095.1577896,134040.242357999988599,Flying A Cattle Co.,1351 210TH STREET,Red Oak,IA,51566,Montgomery,Inactive,Open Feedlot,3000.000000000000000,0,Garfield,41.001869999999997,-95.318250000000006,20,INTERPOLATION-PHOTO,PLANT ENTRANCE (GENERAL),04,96,48,102400020703.000000000000000,https://programs.iowadnr.gov/afoemmp/Facility/FacilitySummaryByID?facilityID=56443,6,0,0,3000,0,0,0,0,Y, ,1.430132393050000,0.117868991893000,44.270000000000003,2.610000000000000,0.230000000000000,9.753299999999999,109.000000000000000,180.099999999999994,24,39.700000000000003
23,70,G1901390,19,139,00465258,19139,Muscatine,Muscatine County,06,H1,G4020,209,34700, ,A,1132977286.000000000000000,30262321.000000000000000,+41.4837760,-091.1186992,151402.419900000008056,Lorack Farm,260 Highway 70 South,Conesville,IA,52739,Muscatine,Active,Confinement,1440.000000000000000,0,Orono,41.358359999999998,-91.341040000000007,20,INTERPOLATION-PHOTO, ,2,87,44,70802060807.000000000000000,https://programs.iowadnr.gov/afoemmp/Facility/FacilitySummaryByID?facilityID=58994,1297,1440,0,0,0,0,0,0,N,Y,1.647401160700000,0.125408024540000,45.189999999999998,2.510000000000000,0.330000000000000,36.718600000000002,243.000000000000000,95.200000000000003,59,23.100000000000001
91,71,G1901410,19,141,00465259,19141,O'Brien,O'Brien County,06,H1,G4020, , , ,A,1484153957.000000000000000,447448.000000000000000,+43.0837455,-095.6256244,154087.277620000008028,Sterk Barry,4331 Monroe Ave,Granville,IA,51022,O'Brien,Active,Confinement,1320.000000000000000,0,Baker,43.020490000000002,-95.844070000000002,20,INTERPOLATION-PHOTO, ,5,5,3,102300020201.000000000000000,https://programs.iowadnr.gov/afoemmp/Facility/FacilitySummaryByID?facilityID=58840,1717,1320,0,0,0,0,0,0,N,Y,1.639412637930000,0.164109429351000,46.060000000000002,2.580000000000000,0.480000000000000,9.698000000000000,109.000000000000000,130.800000000000011,26,31.199999999999999
113,72,G1901430,19,143,00465260,19143,Osceola,Osceola County,06,H1,G4020, , , ,A,1032593803.000000000000000,1835263.000000000000000,+43.3785421,-095.6337878,130851.297938000003342,Eddy Pat,1489 Nettle Avenue,Sibley,IA,51249,Osceola,Active,Confinement/Open Feedlot,1620.000000000000000,0,Viola,43.434330000000003,-95.803219999999996,20,INTERPOLATION-PHOTO, ,5,5,3,101702040502.000000000000000,https://programs.iowadnr.gov/afoemmp/Facility/FacilitySummaryByID?facilityID=62462,1642,920,0,0,0,0,0,0,N,N,1.434936422370000,0.114893372139000,46.340000000000003,2.950000000000000,0.510000000000000,6.250400000000000,35.000000000000000,96.799999999999997,10,27.600000000000001
2,73,G1901450,19,145,00465261,19145,Page,Page County,06,H1,G4020, , , ,A,1385497642.000000000000000,1359014.000000000000000,+40.7390972,-095.1443014,151661.825864999991609,Mayer Bros. Llp,1819 F Avenue,Clarinda,IA,51632,Page,Inactive,Confinement,1536.000000000000000,0,Tarkio,40.779420000000002,-95.269620000000003,20,INTERPOLATION-PHOTO, ,5,97,49,0.000000000000000,https://programs.iowadnr.gov/afoemmp/Facility/FacilitySummaryByID?facilityID=58344,1255,1536,0,0,0,0,0,0,N,Y,1.592859971740000,0.147855086556000,44.439999999999998,2.710000000000000,0.260000000000000,11.479500000000000,130.000000000000000,143.199999999999989,20,22.000000000000000
175,74,G1901470,19,147,00465262,19147,Palo Alto,Palo Alto County,06,H1,G4020, , , ,A,1460400553.000000000000000,14428727.000000000000000,+43.0753374,-094.6690546,153620.463780999998562,Cy 5 Site,4198 350th Street,Emmetsburg,IA,50536,Palo Alto,Active,Confinement,1780.000000000000000,0,Emmetsburg,43.140430000000002,-94.758740000000003,20,INTERPOLATION-PHOTO, ,4,7,4,71000020403.000000000000000,https://programs.iowadnr.gov/afoemmp/Facility/FacilitySummaryByID?facilityID=58397,1210,1780,0,0,0,0,0,0,N,Y,1.634148984850000,0.163024803879000,43.820000000000000,2.510000000000000,0.170000000000000,6.389000000000000,83.000000000000000,156.199999999999989,20,37.600000000000001
150,75,G1901490,19,149,00465263,19149,Plymouth,Plymouth County,06,H1,G4020, , , ,A,2234715257.000000000000000,2176851.000000000000000,+42.7375854,-096.2158638,234011.334460999991279,Krieg North,41163 C60,Kingsley,IA,51028,Plymouth,Active,Confinement,1200.000000000000000,0,Elkhorn,42.633560000000003,-96.013649999999998,20,INTERPOLATION-PHOTO, ,5,53,27,102300040104.000000000000000,https://programs.iowadnr.gov/afoemmp/Facility/FacilitySummaryByID?facilityID=59058,1702,1200,0,0,0,0,0,0,N,Y,2.589977465600000,0.245904494346000,48.039999999999999,2.940000000000000,0.740000000000000,11.167299999999999,136.000000000000000,89.200000000000003,34,22.300000000000001
66,76,G1901510,19,151,00465264,19151,Pocahontas,Pocahontas County,06,H1,G4020, , , ,A,1495047209.000000000000000,3666530.000000000000000,+42.7340333,-094.6782789,154866.316168999997899,Ryan Finisher Farm,32062 420th Street,Rolfe,IA,50581,Pocahontas,Active,Confinement,2000.000000000000000,0,Des Moines,42.877119999999998,-94.480879999999999,20,INTERPOLATION-PHOTO,CENTER OF FACILITY,4,8,4,71000020704.000000000000000,https://programs.iowadnr.gov/afoemmp/Facility/FacilitySummaryByID?facilityID=63824,1620,2000,0,0,0,0,0,0,N,N,1.641985014190000,0.164745853034000,44.649999999999999,2.370000000000000,0.250000000000000,4.878700000000000,64.000000000000000,155.800000000000011,24,58.399999999999999
3,77,G1901530,19,153,00465265,19153,Polk,Polk County,06,H1,G4020,218,19780, ,A,1481988336.000000000000000,50078837.000000000000000,+41.6848158,-093.5689710,172795.205852999992203,Prairie Pork Bondurant,9522 NE 80th St,Bondurant,IA,50035,Polk,Inactive,Confinement,1020.000000000000000,0,Franklin,41.735399999999998,-93.445210000000003,280,PUBLIC LAND SURVEY - SIXTEENTH SECTION,PLANT ENTRANCE (GENERAL),3,30,15,70801050906.000000000000000,https://programs.iowadnr.gov/afoemmp/Facility/FacilitySummaryByID?facilityID=59421,170,1020,0,0,0,0,0,0,N, ,1.802639558200000,0.165679891677000,45.109999999999999,1.250000000000000,0.210000000000000,280.713300000000004,2102.000000000000000,70.700000000000003,450,15.100000000000000
21,78,G1901550,19,155,00465266,19155,Pottawattamie,Pottawattamie County,06,H1,G4020,420,36540, ,A,2463771925.000000000000000,20389998.000000000000000,+41.3401835,-095.5449053,241761.255654999986291,"Pheasant Ridge Farm, Inc.",25889 IDLEWOOD ROAD,Underwood,IA,51576,Pottawattamie,Active,Open Feedlot,2700.000000000000000,0,Norwalk,41.336199999999998,-95.693320000000000,20,INTERPOLATION-PHOTO,PLANT ENTRANCE (GENERAL),04,56,28,102300060405.000000000000000,https://programs.iowadnr.gov/afoemmp/Facility/FacilitySummaryByID?facilityID=56795,26,0,0,2700,0,0,0,0,Y, ,2.674546996700000,0.267218470124000,44.369999999999997,2.000000000000000,0.190000000000000,37.470199999999998,656.000000000000000,117.200000000000003,153,27.300000000000001
16,79,G1901570,19,157,00465267,19157,Poweshiek,Poweshiek County,06,H1,G4020, , , ,A,1514945164.000000000000000,2961952.000000000000000,+41.6846421,-092.5229344,156670.886395999987144,Triple A Pork,4726 Highway 21,Deep River,IA,52222,Poweshiek,Active,Confinement,1196.000000000000000,0,Lincoln,41.612940000000002,-92.359200000000001,20,INTERPOLATION-PHOTO,CENTER OF FACILITY,3,76,38,70802090204.000000000000000,https://programs.iowadnr.gov/afoemmp/Facility/FacilitySummaryByID?facilityID=65676,373,1196,0,0,0,0,0,0,N,N,1.645658418570000,0.164150946522000,44.210000000000001,2.310000000000000,0.180000000000000,12.455200000000000,129.000000000000000,116.099999999999994,22,19.800000000000001
19,80,G1901590,19,159,00465268,19159,Ringgold,Ringgold County,06,H1,G4020, , , ,A,1386932363.000000000000000,8723125.000000000000000,+40.7353342,-094.2442514,149423.801097999996273,Iowa Select Farms - Ochylski Sow,1027 130th Ave,Lenox,IA,50851,Ringgold,Active,Confinement,1560.000000000000000,0,Lincoln,40.894390000000001,-94.418160000000000,20,INTERPOLATION-PHOTO, ,5,96,48,0.000000000000000,https://programs.iowadnr.gov/afoemmp/Facility/FacilitySummaryByID?facilityID=59975,1883,1560,0,0,0,0,0,0,N,Y,1.564066605760000,0.148784460086000,44.619999999999997,2.770000000000000,0.270000000000000,3.677200000000000,53.000000000000000,185.199999999999989,9,31.399999999999999
94,81,G1901610,19,161,00465269,19161,Sac,Sac County,06,H1,G4020, , , ,A,1489300203.000000000000000,8569436.000000000000000,+42.3875259,-095.1052244,165279.148136000003433,Friedrichsen Allen 2,3030 Gard Ave,Odebolt,IA,51458,Sac,Active,Confinement,1536.000000000000000,0,Richland,42.349240000000002,-95.224440000000001,20,INTERPOLATION-PHOTO, ,5,52,26,102300050206.000000000000000,https://programs.iowadnr.gov/afoemmp/Facility/FacilitySummaryByID?facilityID=59062,1875,1536,0,0,0,0,0,0,N,Y,1.763114204750000,0.163750976124000,47.130000000000003,2.630000000000000,0.630000000000000,6.909800000000000,87.000000000000000,149.599999999999994,16,27.500000000000000
20,82,G1901630,19,163,00465270,19163,Scott,Scott County,06,H1,G4020,209,19340, ,A,1186463557.000000000000000,26196368.000000000000000,+41.6420791,-090.6222889,178972.977195000014035,Allen's Grove Pork Inc.,27070 85th Ave,Dixon,IA,52745,Scott,Active,Confinement,1536.000000000000000,0,Allens Grove,41.700589999999998,-90.735110000000006,20,INTERPOLATION-PHOTO, ,1,83,42,70801030303.000000000000000,https://programs.iowadnr.gov/afoemmp/Facility/FacilitySummaryByID?facilityID=62986,108,1536,0,0,0,0,0,0,N,Y,1.885763987030000,0.131041594125000,42.460000000000001,1.780000000000000,0.020000000000000,136.135899999999992,1039.000000000000000,99.700000000000003,203,19.500000000000000
28,83,G1901650,19,165,00465271,19165,Shelby,Shelby County,06,H1,G4020, , , ,A,1530110527.000000000000000,1486125.000000000000000,+41.6790143,-095.3089173,165623.146742000011727,Oinker Island Llc - Nick Stein,1125 STREET F32,Harlan,IA,0,Shelby,Active,Confinement,1120.000000000000000,0,Westphalia,41.716549999999998,-95.352469999999997,20,INTERPOLATION-PHOTO, ,5,57,29,102400020207.000000000000000,https://programs.iowadnr.gov/afoemmp/Facility/FacilitySummaryByID?facilityID=59119,1608,1120,0,0,0,0,0,0,N,N,1.750462752660000,0.165627975225000,45.000000000000000,2.480000000000000,0.310000000000000,7.941800000000000,107.000000000000000,153.599999999999994,18,25.800000000000001
274,84,G1901670,19,167,00465272,19167,Sioux,Sioux County,06,H1,G4020, , , ,A,1988888495.000000000000000,2795018.000000000000000,+43.0826460,-096.1780098,221398.652365999994799,Eagle Pig Inc.,4121 Cleveland Ave,Hawarden,IA,51023,Sioux,Active,Confinement,2576.000000000000000,0,Eagle,43.052810000000001,-96.412499999999994,20,INTERPOLATION-PHOTO, ,5,4,2,101702032002.000000000000000,https://programs.iowadnr.gov/afoemmp/Facility/FacilitySummaryByID?facilityID=59971,1609,2576,0,0,0,0,0,0,N,Y,2.472382997270000,0.220158850703000,47.509999999999998,2.710000000000000,0.680000000000000,16.917899999999999,138.000000000000000,64.799999999999997,26,12.199999999999999
20,85,G1901690,19,169,00465273,19169,Story,Story County,06,H1,G4020,218,11180, ,A,1482882553.000000000000000,2862354.000000000000000,+42.0375379,-093.4660934,154158.298386999987997,Usda - National Animal Disease Center,1920 N Dayton Avenue,Ames,IA,50010,Story,Active,Confinement/Open Feedlot,1014.990000000000009,102,AMES,42.045670000000001,-93.581080000000000,20,INTERPOLATION-PHOTO,STORAGE TANK,4,45,23,70801050406.000000000000000,https://programs.iowadnr.gov/afoemmp/Facility/FacilitySummaryByID?facilityID=66011,16,214,491,60,4,5,66,0,N,N,1.625328053130000,0.161541022076000,42.820000000000000,1.970000000000000,0.040000000000000,60.225499999999997,277.000000000000000,46.899999999999999,79,13.400000000000000
14,86,G1901710,19,171,00465274,19171,Tama,Tama County,06,H1,G4020, , , ,A,1867410499.000000000000000,2769418.000000000000000,+42.0748480,-092.5294115,174246.835419999988517,Double ""r"" Farms Inc. - Sec 18,2480 H Ave,Toledo,IA,52342,Tama,Active,Confinement/Open Feedlot,1504.000000000000000,0,Howard,42.080629999999999,-92.631069999999994,20,INTERPOLATION-PHOTO, ,3,40,20,0.000000000000000,https://programs.iowadnr.gov/afoemmp/Facility/FacilitySummaryByID?facilityID=56810,1502,374,0,1130,0,0,0,0,N,N,1.806635334380000,0.203477278717000,43.560000000000002,2.280000000000000,0.120000000000000,9.497100000000000,125.000000000000000,123.599999999999994,31,30.600000000000001
26,87,G1901730,19,173,00465275,19173,Taylor,Taylor County,06,H1,G4020, , , ,A,1377618877.000000000000000,7133363.000000000000000,+40.7379489,-094.6971082,150139.817351000005146,Gravity East,2230 200th Street,Bedford,IA,50833,Taylor,Active,Confinement,1536.000000000000000,0,Marshall,40.755040000000001,-94.694280000000006,20,INTERPOLATION-PHOTO, ,5,96,48,102400130104.000000000000000,https://programs.iowadnr.gov/afoemmp/Facility/FacilitySummaryByID?facilityID=58651,1756,1536,0,0,0,0,0,0,N,Y,1.571963651390000,0.147626981633000,43.930000000000000,2.820000000000000,0.200000000000000,4.561800000000000,43.000000000000000,119.299999999999997,9,24.899999999999999
21,88,G1901750,19,175,00465276,19175,Union,Union County,06,H1,G4020, , , ,A,1097235808.000000000000000,5575854.000000000000000,+41.0285502,-094.2450907,134113.598950000014156,Iowa Select - Davis #2,3351 167th St,Murray,IA,50174,Union,Active,Confinement,1440.000000000000000,0,Jones,41.052970000000002,-94.022720000000007,20,INTERPOLATION-PHOTO, ,5,95,48,102801020207.000000000000000,https://programs.iowadnr.gov/afoemmp/Facility/FacilitySummaryByID?facilityID=59220,1687,1440,0,0,0,0,0,0,N,Y,1.430505659140000,0.118078398732000,44.439999999999998,2.440000000000000,0.230000000000000,11.359999999999999,113.000000000000000,155.699999999999989,20,27.600000000000001
12,89,G1901770,19,177,00465277,19177,Van Buren,Van Buren County,06,H1,G4020, , , ,A,1255605714.000000000000000,14880499.000000000000000,+40.7541168,-091.9529430,145942.892243999987841,Merit Swine Inc. (finishing),31122 Route J40,Bonaparte,IA,52620,Van Buren,Active,Confinement,2160.000000000000000,0,Bonaparte,40.721930000000000,-91.772270000000006,20,INTERPOLATION-PHOTO, ,2,90,45,71000091209.000000000000000,https://programs.iowadnr.gov/afoemmp/Facility/FacilitySummaryByID?facilityID=60167,719,2160,0,0,0,0,0,0,N,N,1.535272389870000,0.135476856384000,44.210000000000001,2.720000000000000,0.220000000000000,5.957300000000000,44.000000000000000,102.599999999999994,14,32.600000000000001
21,90,G1901790,19,179,00465278,19179,Wapello,Wapello County,06,H1,G4020, ,36900, ,A,1118466714.000000000000000,10822775.000000000000000,+41.0312751,-092.4094658,135620.196938000008231,Twin Pines Llc,2257 155th Street,Hedrick,IA,52563,Wapello,Inactive,Confinement,1680.000000000000000,0,Competine,41.114040000000003,-92.206289999999996,280,PUBLIC LAND SURVEY - SIXTEENTH SECTION, ,2,90,45,70801070502.000000000000000,https://programs.iowadnr.gov/afoemmp/Facility/FacilitySummaryByID?facilityID=64220,1828,1680,0,0,0,0,0,0,N, ,1.446096462820000,0.120918578282000,43.520000000000003,2.300000000000000,0.120000000000000,31.522900000000000,269.000000000000000,127.700000000000003,64,30.399999999999999
1,91,G1901810,19,181,00465279,19181,Warren,Warren County,06,H1,G4020,218,19780, ,A,1475870257.000000000000000,9099930.000000000000000,+41.3324459,-093.5687512,164176.387354000005871,Marywood Farms Inc.,1660 KENNEDY STREET,Indianola,IA,50125,Warren,Inactive,Confinement/Open Feedlot,1500.000000000000000,0,Lincoln,41.349280000000000,-93.489360000000005,100,ADDRESS MATCHING-DIGITIZED, ,04,74,37,71000081101.000000000000000,https://programs.iowadnr.gov/afoemmp/Facility/FacilitySummaryByID?facilityID=61299,1006,1200,0,300,0,0,0,0,Y, ,1.708862827630000,0.159731160620000,44.409999999999997,2.180000000000000,0.200000000000000,31.124199999999998,266.000000000000000,83.700000000000003,60,18.899999999999999
94,92,G1901830,19,183,00465280,19183,Washington,Washington County,06,H1,G4020,168,26980, ,A,1473258536.000000000000000,5339036.000000000000000,+41.3294012,-091.7250523,157713.984924999997020,Reed 260,2546 260th Street,Washington,IA,52353,Washington,Active,Confinement,2947.599999999999909,0,Washington,41.283439999999999,-91.652280000000005,20,INTERPOLATION-PHOTO, ,2,89,45,0.000000000000000,https://programs.iowadnr.gov/afoemmp/Facility/FacilitySummaryByID?facilityID=62644,1632,2947,0,0,0,0,0,0,N,Y,1.658648533810000,0.159048634652000,43.100000000000001,2.280000000000000,0.090000000000000,14.669300000000000,120.000000000000000,89.700000000000003,41,30.699999999999999
5,93,G1901850,19,185,00465281,19185,Wayne,Wayne County,06,H1,G4020, , , ,A,1360957553.000000000000000,4272458.000000000000000,+40.7399827,-093.3326126,147818.573815999989165,Somerset Site - Murphy-brown Of Missouri Llc,Route 1 Buck Avenue,Postville,MO,64672,Wayne,Inactive,Confinement,3532.800000000000182,0,Clinton,40.583559999999999,-93.427279999999996,570,PUBLIC LAND SURVEY-QUARTER SECTION, ,2,94,47,102801030101.000000000000000,https://programs.iowadnr.gov/afoemmp/Facility/FacilitySummaryByID?facilityID=58895,223,3532,0,0,0,0,0,0,N,Y,1.551510526820000,0.145550087755000,43.259999999999998,2.760000000000000,0.130000000000000,4.690000000000000,55.000000000000000,141.800000000000011,9,23.199999999999999
49,94,G1901870,19,187,00465282,19187,Webster,Webster County,06,H1,G4020, ,22700, ,A,1853670893.000000000000000,7269394.000000000000000,+42.4335786,-094.1758309,181019.798282000003383,Litchfield Realty Company 6,2855 340th St,Dayton,IA,50530,Webster,Active,Confinement,1000.000000000000000,0,Yell,42.297199999999997,-94.036680000000004,20,INTERPOLATION-PHOTO, ,4,9,5,71000040701.000000000000000,https://programs.iowadnr.gov/afoemmp/Facility/FacilitySummaryByID?facilityID=59386,1982,1000,0,0,0,0,0,0,N,N,1.894170722530000,0.203576159226000,44.649999999999999,2.150000000000000,0.230000000000000,20.416699999999999,342.000000000000000,156.599999999999994,51,23.399999999999999
46,95,G1901890,19,189,00465283,19189,Winnebago,Winnebago County,06,H1,G4020, , , ,A,1037261956.000000000000000,3182049.000000000000000,+43.3781243,-093.7434883,130893.722294000006514,Wenger Pork Llc Site 4,16913 390th St,Leland,IA,50453,Winnebago,Active,Confinement,1664.000000000000000,0,Forest,43.327649999999998,-93.657629999999997,20,INTERPOLATION-PHOTO, ,4,11,6,0.000000000000000,https://programs.iowadnr.gov/afoemmp/Facility/FacilitySummaryByID?facilityID=58514,1781,1664,0,0,0,0,0,0,N,N,1.435245681650000,0.115559580704000,42.729999999999997,2.710000000000000,0.100000000000000,10.445700000000000,71.000000000000000,112.700000000000003,19,30.100000000000001
28,96,G1901910,19,191,00465284,19191,Winneshiek,Winneshiek County,06,H1,G4020, , , ,A,1786666617.000000000000000,745729.000000000000000,+43.2929889,-091.8507880,170484.348897999996552,B & J 3,3717 228th Ave,Decorah,IA,52101,Winneshiek,Active,Confinement/Open Feedlot,1600.000000000000000,0,Burr Oak,43.475160000000002,-91.853020000000001,20,INTERPOLATION-PHOTO, ,4,16,8,70600020208.000000000000000,https://programs.iowadnr.gov/afoemmp/Facility/FacilitySummaryByID?facilityID=59434,629,1600,0,0,0,0,0,0,N,Y,1.790506453900000,0.198243988251000,41.399999999999999,2.500000000000000,0.030000000000000,11.778300000000000,110.000000000000000,92.000000000000000,16,13.300000000000001
24,97,G1901930,19,193,00465285,19193,Woodbury,Woodbury County,06,H1,G4020, ,43580, ,A,2260790940.000000000000000,12793700.000000000000000,+42.3932198,-096.0532956,218184.841878000006545,Mark Baldwin Feedlot,3846 245TH Street,Anthon,IA,51004,Woodbury,Active,Open Feedlot,6000.000000000000000,0,Miller,42.348900000000000,-95.854870000000005,20,INTERPOLATION-PHOTO,PLANT ENTRANCE (GENERAL),04,55,28,102300031505.000000000000000,https://programs.iowadnr.gov/afoemmp/Facility/FacilitySummaryByID?facilityID=56759,46,0,0,6000,0,0,0,0,Y, ,2.430022405550000,0.248567606147000,49.530000000000001,2.410000000000000,0.930000000000000,44.914700000000003,651.000000000000000,104.000000000000000,191,30.500000000000000
7,98,G1901950,19,195,00465286,19195,Worth,Worth County,06,H1,G4020, ,32380, ,A,1036314932.000000000000000,4709127.000000000000000,+43.3734910,-093.2485332,130878.842122000001837,Benjegerdes Hog Facility,3526 Mallard Ave,Manly,IA,50456,Worth,Active,Confinement,1160.000000000000000,0,Danville,43.273029999999999,-93.262479999999996,20,INTERPOLATION-PHOTO,CENTER OF FACILITY,4,11,6,70802030204.000000000000000,https://programs.iowadnr.gov/afoemmp/Facility/FacilitySummaryByID?facilityID=60189,2668,1160,0,0,0,0,0,0,N,Y,1.435176265550000,0.115623657526000,43.030000000000001,2.860000000000000,0.130000000000000,7.301700000000000,30.000000000000000,67.900000000000006,9,20.300000000000001
82,99,G1901970,19,197,00465287,19197,Wright,Wright County,06,H1,G4020, , , ,A,1503268877.000000000000000,4703964.000000000000000,+42.7330073,-093.7347352,155247.308715999999549,Nursery 010,1050 335th St,Woolstock,IA,50599,Wright,Active,Confinement,1800.000000000000000,0,Troy,42.566189999999999,-93.963899999999995,20,INTERPOLATION-PHOTO, ,4,9,5,71000050605.000000000000000,https://programs.iowadnr.gov/afoemmp/Facility/FacilitySummaryByID?facilityID=59788,1726,1800,0,0,0,0,0,0,N,Y,1.645940348310000,0.165761001911000,43.600000000000001,2.260000000000000,0.120000000000000,8.771500000000000,114.000000000000000,150.400000000000006,27,35.600000000000001
